wavelength_m,flux_arb
1.00E-07,55257086493
1.01E-07,66497162838
1.03E-07,79526715784
1.04E-07,94544591401
1.06E-07,1.1176E+11
1.07E-07,1.31392E+11
1.09E-07,1.53667E+11
1.10E-07,1.78822E+11
1.12E-07,2.07099E+11
1.13E-07,2.38747E+11
1.15E-07,2.74018E+11
1.16E-07,3.13168E+11
1.17E-07,3.56458E+11
1.19E-07,4.04146E+11
1.20E-07,4.56492E+11
1.22E-07,5.13756E+11
1.23E-07,5.76191E+11
1.25E-07,6.4405E+11
1.26E-07,7.17579E+11
1.28E-07,7.97017E+11
1.29E-07,8.82597E+11
1.30E-07,9.74543E+11
1.32E-07,1.07307E+12
1.33E-07,1.17838E+12
1.35E-07,1.29066E+12
1.36E-07,1.4101E+12
1.38E-07,1.53685E+12
1.39E-07,1.67108E+12
1.41E-07,1.81293E+12
1.42E-07,1.96251E+12
1.44E-07,2.11994E+12
1.45E-07,2.2853E+12
1.46E-07,2.45868E+12
1.48E-07,2.64015E+12
1.49E-07,2.82973E+12
1.51E-07,3.02747E+12
1.52E-07,3.23338E+12
1.54E-07,3.44746E+12
1.55E-07,3.66969E+12
1.57E-07,3.90003E+12
1.58E-07,4.13845E+12
1.59E-07,4.38487E+12
1.61E-07,4.63923E+12
1.62E-07,4.90142E+12
1.64E-07,5.17135E+12
1.65E-07,5.4489E+12
1.67E-07,5.73394E+12
1.68E-07,6.02633E+12
1.70E-07,6.32591E+12
1.71E-07,6.63253E+12
1.73E-07,6.94601E+12
1.74E-07,7.26616E+12
1.75E-07,7.59279E+12
1.77E-07,7.92571E+12
1.78E-07,8.2647E+12
1.80E-07,8.60955E+12
1.81E-07,8.96004E+12
1.83E-07,9.31595E+12
1.84E-07,9.67703E+12
1.86E-07,1.00431E+13
1.87E-07,1.04138E+13
1.88E-07,1.0789E+13
1.90E-07,1.11684E+13
1.91E-07,1.15517E+13
1.93E-07,1.19388E+13
1.94E-07,1.23293E+13
1.96E-07,1.27231E+13
1.97E-07,1.31198E+13
1.99E-07,1.35192E+13
2.00E-07,1.3921E+13
2.02E-07,1.4325E+13
2.03E-07,1.4731E+13
2.04E-07,1.51387E+13
2.06E-07,1.55478E+13
2.07E-07,1.59581E+13
2.09E-07,1.63694E+13
2.10E-07,1.67814E+13
2.12E-07,1.7194E+13
2.13E-07,1.76068E+13
2.15E-07,1.80196E+13
2.16E-07,1.84322E+13
2.18E-07,1.88445E+13
2.19E-07,1.92561E+13
2.20E-07,1.96669E+13
2.22E-07,2.00766E+13
2.23E-07,2.04852E+13
2.25E-07,2.08923E+13
2.26E-07,2.12978E+13
2.28E-07,2.17015E+13
2.29E-07,2.21032E+13
2.31E-07,2.25028E+13
2.32E-07,2.29E+13
2.33E-07,2.32948E+13
2.35E-07,2.36869E+13
2.36E-07,2.40763E+13
2.38E-07,2.44627E+13
2.39E-07,2.48461E+13
2.41E-07,2.52262E+13
2.42E-07,2.5603E+13
2.44E-07,2.59763E+13
2.45E-07,2.63461E+13
2.47E-07,2.67121E+13
2.48E-07,2.70744E+13
2.49E-07,2.74328E+13
2.51E-07,2.77871E+13
2.52E-07,2.81374E+13
2.54E-07,2.84834E+13
2.55E-07,2.88253E+13
2.57E-07,2.91627E+13
2.58E-07,2.94958E+13
2.60E-07,2.98243E+13
2.61E-07,3.01484E+13
2.62E-07,3.04678E+13
2.64E-07,3.07826E+13
2.65E-07,3.10926E+13
2.67E-07,3.13979E+13
2.68E-07,3.16984E+13
2.70E-07,3.19941E+13
2.71E-07,3.22849E+13
2.73E-07,3.25708E+13
2.74E-07,3.28517E+13
2.76E-07,3.31277E+13
2.77E-07,3.33988E+13
2.78E-07,3.36649E+13
2.80E-07,3.39259E+13
2.81E-07,3.4182E+13
2.83E-07,3.44331E+13
2.84E-07,3.46791E+13
2.86E-07,3.49201E+13
2.87E-07,3.51561E+13
2.89E-07,3.53871E+13
2.90E-07,3.56131E+13
2.91E-07,3.58341E+13
2.93E-07,3.60502E+13
2.94E-07,3.62612E+13
2.96E-07,3.64674E+13
2.97E-07,3.66685E+13
2.99E-07,3.68648E+13
3.00E-07,3.70562E+13
3.02E-07,3.72428E+13
3.03E-07,3.74245E+13
3.05E-07,3.76014E+13
3.06E-07,3.77735E+13
3.07E-07,3.79409E+13
3.09E-07,3.81036E+13
3.10E-07,3.82616E+13
3.12E-07,3.84149E+13
3.13E-07,3.85637E+13
3.15E-07,3.87079E+13
3.16E-07,3.88475E+13
3.18E-07,3.89827E+13
3.19E-07,3.91134E+13
3.21E-07,3.92398E+13
3.22E-07,3.93617E+13
3.23E-07,3.94794E+13
3.25E-07,3.95928E+13
3.26E-07,3.97019E+13
3.28E-07,3.98069E+13
3.29E-07,3.99077E+13
3.31E-07,4.00045E+13
3.32E-07,4.00972E+13
3.34E-07,4.01859E+13
3.35E-07,4.02706E+13
3.36E-07,4.03515E+13
3.38E-07,4.04285E+13
3.39E-07,4.05017E+13
3.41E-07,4.05712E+13
3.42E-07,4.06369E+13
3.44E-07,4.0699E+13
3.45E-07,4.07575E+13
3.47E-07,4.08125E+13
3.48E-07,4.08639E+13
3.50E-07,4.09119E+13
3.51E-07,4.09565E+13
3.52E-07,4.09977E+13
3.54E-07,4.10356E+13
3.55E-07,4.10703E+13
3.57E-07,4.11017E+13
3.58E-07,4.113E+13
3.60E-07,4.11552E+13
3.61E-07,4.11774E+13
3.63E-07,4.11965E+13
3.64E-07,4.12126E+13
3.65E-07,4.12259E+13
3.67E-07,4.12362E+13
3.68E-07,4.12438E+13
3.70E-07,4.12486E+13
3.71E-07,4.12506E+13
3.73E-07,4.125E+13
3.74E-07,4.12467E+13
3.76E-07,4.12409E+13
3.77E-07,4.12325E+13
3.79E-07,4.12216E+13
3.80E-07,4.12083E+13
3.81E-07,4.11925E+13
3.83E-07,4.11744E+13
3.84E-07,4.1154E+13
3.86E-07,4.11313E+13
3.87E-07,4.11064E+13
3.89E-07,4.10793E+13
3.90E-07,4.105E+13
3.92E-07,4.10186E+13
3.93E-07,4.09852E+13
3.94E-07,4.09497E+13
3.96E-07,4.09122E+13
3.97E-07,4.08728E+13
3.99E-07,4.08315E+13
4.00E-07,4.07883E+13
4.02E-07,4.07433E+13
4.03E-07,4.06965E+13
4.05E-07,4.0648E+13
4.06E-07,4.05977E+13
4.08E-07,4.05458E+13
4.09E-07,4.04922E+13
4.10E-07,4.0437E+13
4.12E-07,4.03802E+13
4.13E-07,4.03219E+13
4.15E-07,4.02621E+13
4.16E-07,4.02008E+13
4.18E-07,4.01381E+13
4.19E-07,4.0074E+13
4.21E-07,4.00085E+13
4.22E-07,3.99416E+13
4.24E-07,3.98735E+13
4.25E-07,3.9804E+13
4.26E-07,3.97334E+13
4.28E-07,3.96615E+13
4.29E-07,3.95884E+13
4.31E-07,3.95141E+13
4.32E-07,3.94388E+13
4.34E-07,3.93623E+13
4.35E-07,3.92847E+13
4.37E-07,3.92061E+13
4.38E-07,3.91265E+13
4.39E-07,3.90459E+13
4.41E-07,3.89643E+13
4.42E-07,3.88818E+13
4.44E-07,3.87984E+13
4.45E-07,3.87141E+13
4.47E-07,3.86289E+13
4.48E-07,3.85428E+13
4.50E-07,3.8456E+13
4.51E-07,3.83683E+13
4.53E-07,3.82799E+13
4.54E-07,3.81907E+13
4.55E-07,3.81008E+13
4.57E-07,3.80102E+13
4.58E-07,3.79189E+13
4.60E-07,3.7827E+13
4.61E-07,3.77344E+13
4.63E-07,3.76411E+13
4.64E-07,3.75473E+13
4.66E-07,3.74529E+13
4.67E-07,3.73579E+13
4.68E-07,3.72624E+13
4.70E-07,3.71664E+13
4.71E-07,3.70698E+13
4.73E-07,3.69728E+13
4.74E-07,3.68752E+13
4.76E-07,3.67773E+13
4.77E-07,3.66789E+13
4.79E-07,3.658E+13
4.80E-07,3.64808E+13
4.82E-07,3.63812E+13
4.83E-07,3.62812E+13
4.84E-07,3.61808E+13
4.86E-07,3.60801E+13
4.87E-07,3.59791E+13
4.89E-07,3.58777E+13
4.90E-07,3.57761E+13
4.92E-07,3.56741E+13
4.93E-07,3.55719E+13
4.95E-07,3.54695E+13
4.96E-07,3.53668E+13
4.97E-07,3.52638E+13
4.99E-07,3.51607E+13
5.00E-07,3.50573E+13
5.02E-07,3.49537E+13
5.03E-07,3.485E+13
5.05E-07,3.47461E+13
5.06E-07,3.4642E+13
5.08E-07,3.45378E+13
5.09E-07,3.44334E+13
5.11E-07,3.4329E+13
5.12E-07,3.42244E+13
5.13E-07,3.41197E+13
5.15E-07,3.40149E+13
5.16E-07,3.391E+13
5.18E-07,3.3805E+13
5.19E-07,3.37E+13
5.21E-07,3.35949E+13
5.22E-07,3.34898E+13
5.24E-07,3.33846E+13
5.25E-07,3.32794E+13
5.27E-07,3.31742E+13
5.28E-07,3.3069E+13
5.29E-07,3.29638E+13
5.31E-07,3.28585E+13
5.32E-07,3.27533E+13
5.34E-07,3.26481E+13
5.35E-07,3.25429E+13
5.37E-07,3.24378E+13
5.38E-07,3.23327E+13
5.40E-07,3.22277E+13
5.41E-07,3.21227E+13
5.42E-07,3.20178E+13
5.44E-07,3.19129E+13
5.45E-07,3.18081E+13
5.47E-07,3.17034E+13
5.48E-07,3.15988E+13
5.50E-07,3.14943E+13
5.51E-07,3.13898E+13
5.53E-07,3.12855E+13
5.54E-07,3.11813E+13
5.56E-07,3.10772E+13
5.57E-07,3.09733E+13
5.58E-07,3.08694E+13
5.60E-07,3.07657E+13
5.61E-07,3.06621E+13
5.63E-07,3.05587E+13
5.64E-07,3.04554E+13
5.66E-07,3.03523E+13
5.67E-07,3.02493E+13
5.69E-07,3.01465E+13
5.70E-07,3.00438E+13
5.71E-07,2.99414E+13
5.73E-07,2.98391E+13
5.74E-07,2.97369E+13
5.76E-07,2.9635E+13
5.77E-07,2.95332E+13
5.79E-07,2.94316E+13
5.80E-07,2.93302E+13
5.82E-07,2.9229E+13
5.83E-07,2.9128E+13
5.85E-07,2.90272E+13
5.86E-07,2.89266E+13
5.87E-07,2.88262E+13
5.89E-07,2.87261E+13
5.90E-07,2.86261E+13
5.92E-07,2.85263E+13
5.93E-07,2.84268E+13
5.95E-07,2.83275E+13
5.96E-07,2.82284E+13
5.98E-07,2.81296E+13
5.99E-07,2.8031E+13
6.01E-07,2.79326E+13
6.02E-07,2.78344E+13
6.03E-07,2.77365E+13
6.05E-07,2.76388E+13
6.06E-07,2.75414E+13
6.08E-07,2.74442E+13
6.09E-07,2.73472E+13
6.11E-07,2.72505E+13
6.12E-07,2.71541E+13
6.14E-07,2.70579E+13
6.15E-07,2.69619E+13
6.16E-07,2.68662E+13
6.18E-07,2.67708E+13
6.19E-07,2.66756E+13
6.21E-07,2.65806E+13
6.22E-07,2.6486E+13
6.24E-07,2.63916E+13
6.25E-07,2.62974E+13
6.27E-07,2.62035E+13
6.28E-07,2.61099E+13
6.30E-07,2.60166E+13
6.31E-07,2.59235E+13
6.32E-07,2.58307E+13
6.34E-07,2.57381E+13
6.35E-07,2.56459E+13
6.37E-07,2.55539E+13
6.38E-07,2.54621E+13
6.40E-07,2.53707E+13
6.41E-07,2.52795E+13
6.43E-07,2.51886E+13
6.44E-07,2.5098E+13
6.45E-07,2.50076E+13
6.47E-07,2.49176E+13
6.48E-07,2.48278E+13
6.50E-07,2.47382E+13
6.51E-07,2.4649E+13
6.53E-07,2.456E+13
6.54E-07,2.44714E+13
6.56E-07,2.4383E+13
6.57E-07,2.42949E+13
6.59E-07,2.4207E+13
6.60E-07,2.41195E+13
6.61E-07,2.40322E+13
6.63E-07,2.39452E+13
6.64E-07,2.38585E+13
6.66E-07,2.37721E+13
6.67E-07,2.3686E+13
6.69E-07,2.36001E+13
6.70E-07,2.35145E+13
6.72E-07,2.34293E+13
6.73E-07,2.33443E+13
6.74E-07,2.32595E+13
6.76E-07,2.31751E+13
6.77E-07,2.3091E+13
6.79E-07,2.30071E+13
6.80E-07,2.29235E+13
6.82E-07,2.28402E+13
6.83E-07,2.27572E+13
6.85E-07,2.26745E+13
6.86E-07,2.25921E+13
6.88E-07,2.25099E+13
6.89E-07,2.2428E+13
6.90E-07,2.23464E+13
6.92E-07,2.22651E+13
6.93E-07,2.21841E+13
6.95E-07,2.21034E+13
6.96E-07,2.20229E+13
6.98E-07,2.19427E+13
6.99E-07,2.18629E+13
7.01E-07,2.17833E+13
7.02E-07,2.17039E+13
7.04E-07,2.16249E+13
7.05E-07,2.15461E+13
7.06E-07,2.14676E+13
7.08E-07,2.13894E+13
7.09E-07,2.13115E+13
7.11E-07,2.12339E+13
7.12E-07,2.11565E+13
7.14E-07,2.10794E+13
7.15E-07,2.10026E+13
7.17E-07,2.09261E+13
7.18E-07,2.08498E+13
7.19E-07,2.07739E+13
7.21E-07,2.06982E+13
7.22E-07,2.06228E+13
7.24E-07,2.05476E+13
7.25E-07,2.04728E+13
7.27E-07,2.03982E+13
7.28E-07,2.03239E+13
7.30E-07,2.02498E+13
7.31E-07,2.0176E+13
7.33E-07,2.01025E+13
7.34E-07,2.00293E+13
7.35E-07,1.99564E+13
7.37E-07,1.98837E+13
7.38E-07,1.98113E+13
7.40E-07,1.97391E+13
7.41E-07,1.96673E+13
7.43E-07,1.95957E+13
7.44E-07,1.95243E+13
7.46E-07,1.94533E+13
7.47E-07,1.93825E+13
7.48E-07,1.93119E+13
7.50E-07,1.92416E+13
7.51E-07,1.91716E+13
7.53E-07,1.91019E+13
7.54E-07,1.90324E+13
7.56E-07,1.89632E+13
7.57E-07,1.88943E+13
7.59E-07,1.88256E+13
7.60E-07,1.87571E+13
7.62E-07,1.8689E+13
7.63E-07,1.86211E+13
7.64E-07,1.85534E+13
7.66E-07,1.8486E+13
7.67E-07,1.84189E+13
7.69E-07,1.8352E+13
7.70E-07,1.82854E+13
7.72E-07,1.8219E+13
7.73E-07,1.81529E+13
7.75E-07,1.8087E+13
7.76E-07,1.80214E+13
7.77E-07,1.79561E+13
7.79E-07,1.7891E+13
7.80E-07,1.78261E+13
7.82E-07,1.77615E+13
7.83E-07,1.76971E+13
7.85E-07,1.7633E+13
7.86E-07,1.75692E+13
7.88E-07,1.75056E+13
7.89E-07,1.74422E+13
7.91E-07,1.73791E+13
7.92E-07,1.73162E+13
7.93E-07,1.72536E+13
7.95E-07,1.71912E+13
7.96E-07,1.7129E+13
7.98E-07,1.70671E+13
7.99E-07,1.70055E+13
8.01E-07,1.69441E+13
8.02E-07,1.68829E+13
8.04E-07,1.68219E+13
8.05E-07,1.67612E+13
8.07E-07,1.67007E+13
8.08E-07,1.66405E+13
8.09E-07,1.65805E+13
8.11E-07,1.65207E+13
8.12E-07,1.64612E+13
8.14E-07,1.64019E+13
8.15E-07,1.63428E+13
8.17E-07,1.6284E+13
8.18E-07,1.62254E+13
8.20E-07,1.6167E+13
8.21E-07,1.61089E+13
8.22E-07,1.6051E+13
8.24E-07,1.59933E+13
8.25E-07,1.59358E+13
8.27E-07,1.58786E+13
8.28E-07,1.58215E+13
8.30E-07,1.57648E+13
8.31E-07,1.57082E+13
8.33E-07,1.56518E+13
8.34E-07,1.55957E+13
8.36E-07,1.55398E+13
8.37E-07,1.54841E+13
8.38E-07,1.54287E+13
8.40E-07,1.53734E+13
8.41E-07,1.53184E+13
8.43E-07,1.52636E+13
8.44E-07,1.5209E+13
8.46E-07,1.51546E+13
8.47E-07,1.51005E+13
8.49E-07,1.50465E+13
8.50E-07,1.49928E+13
8.51E-07,1.49393E+13
8.53E-07,1.48859E+13
8.54E-07,1.48328E+13
8.56E-07,1.478E+13
8.57E-07,1.47273E+13
8.59E-07,1.46748E+13
8.60E-07,1.46225E+13
8.62E-07,1.45705E+13
8.63E-07,1.45186E+13
8.65E-07,1.4467E+13
8.66E-07,1.44155E+13
8.67E-07,1.43643E+13
8.69E-07,1.43133E+13
8.70E-07,1.42624E+13
8.72E-07,1.42118E+13
8.73E-07,1.41614E+13
8.75E-07,1.41111E+13
8.76E-07,1.40611E+13
8.78E-07,1.40113E+13
8.79E-07,1.39616E+13
8.80E-07,1.39122E+13
8.82E-07,1.38629E+13
8.83E-07,1.38139E+13
8.85E-07,1.3765E+13
8.86E-07,1.37164E+13
8.88E-07,1.36679E+13
8.89E-07,1.36196E+13
8.91E-07,1.35715E+13
8.92E-07,1.35236E+13
8.94E-07,1.34759E+13
8.95E-07,1.34284E+13
8.96E-07,1.33811E+13
8.98E-07,1.3334E+13
8.99E-07,1.3287E+13
9.01E-07,1.32402E+13
9.02E-07,1.31937E+13
9.04E-07,1.31473E+13
9.05E-07,1.31011E+13
9.07E-07,1.3055E+13
9.08E-07,1.30092E+13
9.10E-07,1.29635E+13
9.11E-07,1.2918E+13
9.12E-07,1.28727E+13
9.14E-07,1.28276E+13
9.15E-07,1.27827E+13
9.17E-07,1.27379E+13
9.18E-07,1.26933E+13
9.20E-07,1.26489E+13
9.21E-07,1.26047E+13
9.23E-07,1.25606E+13
9.24E-07,1.25167E+13
9.25E-07,1.2473E+13
9.27E-07,1.24295E+13
9.28E-07,1.23861E+13
9.30E-07,1.23429E+13
9.31E-07,1.22999E+13
9.33E-07,1.22571E+13
9.34E-07,1.22144E+13
9.36E-07,1.21719E+13
9.37E-07,1.21295E+13
9.39E-07,1.20874E+13
9.40E-07,1.20454E+13
9.41E-07,1.20035E+13
9.43E-07,1.19618E+13
9.44E-07,1.19203E+13
9.46E-07,1.1879E+13
9.47E-07,1.18378E+13
9.49E-07,1.17968E+13
9.50E-07,1.17559E+13
9.52E-07,1.17152E+13
9.53E-07,1.16747E+13
9.54E-07,1.16343E+13
9.56E-07,1.15941E+13
9.57E-07,1.15541E+13
9.59E-07,1.15142E+13
9.60E-07,1.14744E+13
9.62E-07,1.14349E+13
9.63E-07,1.13954E+13
9.65E-07,1.13562E+13
9.66E-07,1.1317E+13
9.68E-07,1.12781E+13
9.69E-07,1.12393E+13
9.70E-07,1.12006E+13
9.72E-07,1.11621E+13
9.73E-07,1.11238E+13
9.75E-07,1.10856E+13
9.76E-07,1.10475E+13
9.78E-07,1.10096E+13
9.79E-07,1.09719E+13
9.81E-07,1.09343E+13
9.82E-07,1.08969E+13
9.83E-07,1.08596E+13
9.85E-07,1.08224E+13
9.86E-07,1.07854E+13
9.88E-07,1.07485E+13
9.89E-07,1.07118E+13
9.91E-07,1.06752E+13
9.92E-07,1.06388E+13
9.94E-07,1.06025E+13
9.95E-07,1.05664E+13
9.97E-07,1.05304E+13
9.98E-07,1.04945E+13
9.99E-07,1.04588E+13
1.00E-06,1.04232E+13
1.00E-06,1.03878E+13
1.00E-06,1.03525E+13
1.01E-06,1.03173E+13
1.01E-06,1.02823E+13
1.01E-06,1.02474E+13
1.01E-06,1.02127E+13
1.01E-06,1.01781E+13
1.01E-06,1.01436E+13
1.01E-06,1.01093E+13
1.02E-06,1.00751E+13
1.02E-06,1.0041E+13
1.02E-06,1.00071E+13
1.02E-06,9.97325E+12
1.02E-06,9.93958E+12
1.02E-06,9.90604E+12
1.02E-06,9.87263E+12
1.03E-06,9.83935E+12
1.03E-06,9.8062E+12
1.03E-06,9.77318E+12
1.03E-06,9.7403E+12
1.03E-06,9.70754E+12
1.03E-06,9.6749E+12
1.03E-06,9.6424E+12
1.04E-06,9.61002E+12
1.04E-06,9.57777E+12
1.04E-06,9.54564E+12
1.04E-06,9.51364E+12
1.04E-06,9.48177E+12
1.04E-06,9.45001E+12
1.04E-06,9.41839E+12
1.05E-06,9.38688E+12
1.05E-06,9.3555E+12
1.05E-06,9.32424E+12
1.05E-06,9.2931E+12
1.05E-06,9.26209E+12
1.05E-06,9.23119E+12
1.05E-06,9.20041E+12
1.06E-06,9.16976E+12
1.06E-06,9.13922E+12
1.06E-06,9.1088E+12
1.06E-06,9.0785E+12
1.06E-06,9.04832E+12
1.06E-06,9.01825E+12
1.06E-06,8.9883E+12
1.07E-06,8.95847E+12
1.07E-06,8.92875E+12
1.07E-06,8.89915E+12
1.07E-06,8.86967E+12
1.07E-06,8.84029E+12
1.07E-06,8.81103E+12
1.07E-06,8.78189E+12
1.08E-06,8.75285E+12
1.08E-06,8.72393E+12
1.08E-06,8.69512E+12
1.08E-06,8.66642E+12
1.08E-06,8.63784E+12
1.08E-06,8.60936E+12
1.09E-06,8.58099E+12
1.09E-06,8.55274E+12
1.09E-06,8.52459E+12
1.09E-06,8.49655E+12
1.09E-06,8.46862E+12
1.09E-06,8.44079E+12
1.09E-06,8.41307E+12
1.10E-06,8.38546E+12
1.10E-06,8.35796E+12
1.10E-06,8.33056E+12
1.10E-06,8.30327E+12
1.10E-06,8.27608E+12
1.10E-06,8.249E+12
1.10E-06,8.22202E+12
1.11E-06,8.19514E+12
1.11E-06,8.16837E+12
1.11E-06,8.1417E+12
1.11E-06,8.11513E+12
1.11E-06,8.08866E+12
1.11E-06,8.0623E+12
1.11E-06,8.03604E+12
1.12E-06,8.00987E+12
1.12E-06,7.98381E+12
1.12E-06,7.95785E+12
1.12E-06,7.93198E+12
1.12E-06,7.90622E+12
1.12E-06,7.88055E+12
1.12E-06,7.85499E+12
1.13E-06,7.82951E+12
1.13E-06,7.80414E+12
1.13E-06,7.77886E+12
1.13E-06,7.75368E+12
1.13E-06,7.7286E+12
1.13E-06,7.70361E+12
1.13E-06,7.67872E+12
1.14E-06,7.65392E+12
1.14E-06,7.62921E+12
1.14E-06,7.6046E+12
1.14E-06,7.58009E+12
1.14E-06,7.55566E+12
1.14E-06,7.53133E+12
1.14E-06,7.5071E+12
1.15E-06,7.48295E+12
1.15E-06,7.45889E+12
1.15E-06,7.43493E+12
1.15E-06,7.41106E+12
1.15E-06,7.38728E+12
1.15E-06,7.36358E+12
1.15E-06,7.33998E+12
1.16E-06,7.31647E+12
1.16E-06,7.29305E+12
1.16E-06,7.26971E+12
1.16E-06,7.24646E+12
1.16E-06,7.2233E+12
1.16E-06,7.20023E+12
1.16E-06,7.17725E+12
1.17E-06,7.15435E+12
1.17E-06,7.13154E+12
1.17E-06,7.10881E+12
1.17E-06,7.08617E+12
1.17E-06,7.06362E+12
1.17E-06,7.04115E+12
1.17E-06,7.01876E+12
1.18E-06,6.99646E+12
1.18E-06,6.97425E+12
1.18E-06,6.95211E+12
1.18E-06,6.93006E+12
1.18E-06,6.9081E+12
1.18E-06,6.88621E+12
1.19E-06,6.86441E+12
1.19E-06,6.84269E+12
1.19E-06,6.82105E+12
1.19E-06,6.79949E+12
1.19E-06,6.77801E+12
1.19E-06,6.75661E+12
1.19E-06,6.7353E+12
1.20E-06,6.71406E+12
1.20E-06,6.6929E+12
1.20E-06,6.67182E+12
1.20E-06,6.65082E+12
1.20E-06,6.6299E+12
1.20E-06,6.60906E+12
1.20E-06,6.58829E+12
1.21E-06,6.5676E+12
1.21E-06,6.54699E+12
1.21E-06,6.52646E+12
1.21E-06,6.506E+12
1.21E-06,6.48562E+12
1.21E-06,6.46531E+12
1.21E-06,6.44508E+12
1.22E-06,6.42492E+12
1.22E-06,6.40484E+12
1.22E-06,6.38484E+12
1.22E-06,6.36491E+12
1.22E-06,6.34505E+12
1.22E-06,6.32526E+12
1.22E-06,6.30555E+12
1.23E-06,6.28592E+12
1.23E-06,6.26635E+12
1.23E-06,6.24686E+12
1.23E-06,6.22744E+12
1.23E-06,6.20809E+12
1.23E-06,6.18881E+12
1.23E-06,6.16961E+12
1.24E-06,6.15047E+12
1.24E-06,6.13141E+12
1.24E-06,6.11241E+12
1.24E-06,6.09349E+12
1.24E-06,6.07464E+12
1.24E-06,6.05585E+12
1.24E-06,6.03714E+12
1.25E-06,6.01849E+12
1.25E-06,5.99991E+12
1.25E-06,5.9814E+12
1.25E-06,5.96296E+12
1.25E-06,5.94459E+12
1.25E-06,5.92628E+12
1.25E-06,5.90804E+12
1.26E-06,5.88987E+12
1.26E-06,5.87176E+12
1.26E-06,5.85372E+12
1.26E-06,5.83575E+12
1.26E-06,5.81784E+12
1.26E-06,5.8E+12
1.26E-06,5.78222E+12
1.27E-06,5.76451E+12
1.27E-06,5.74687E+12
1.27E-06,5.72928E+12
1.27E-06,5.71177E+12
1.27E-06,5.69431E+12
1.27E-06,5.67692E+12
1.28E-06,5.65959E+12
1.28E-06,5.64233E+12
1.28E-06,5.62513E+12
1.28E-06,5.60799E+12
1.28E-06,5.59091E+12
1.28E-06,5.5739E+12
1.28E-06,5.55695E+12
1.29E-06,5.54006E+12
1.29E-06,5.52323E+12
1.29E-06,5.50646E+12
1.29E-06,5.48975E+12
1.29E-06,5.47311E+12
1.29E-06,5.45652E+12
1.29E-06,5.43999E+12
1.30E-06,5.42353E+12
1.30E-06,5.40712E+12
1.30E-06,5.39077E+12
1.30E-06,5.37449E+12
1.30E-06,5.35826E+12
1.30E-06,5.34209E+12
1.30E-06,5.32597E+12
1.31E-06,5.30992E+12
1.31E-06,5.29392E+12
1.31E-06,5.27798E+12
1.31E-06,5.2621E+12
1.31E-06,5.24628E+12
1.31E-06,5.23051E+12
1.31E-06,5.2148E+12
1.32E-06,5.19915E+12
1.32E-06,5.18355E+12
1.32E-06,5.16801E+12
1.32E-06,5.15252E+12
1.32E-06,5.13709E+12
1.32E-06,5.12172E+12
1.32E-06,5.1064E+12
1.33E-06,5.09113E+12
1.33E-06,5.07592E+12
1.33E-06,5.06077E+12
1.33E-06,5.04567E+12
1.33E-06,5.03062E+12
1.33E-06,5.01563E+12
1.33E-06,5.00069E+12
1.34E-06,4.9858E+12
1.34E-06,4.97097E+12
1.34E-06,4.95618E+12
1.34E-06,4.94146E+12
1.34E-06,4.92678E+12
1.34E-06,4.91216E+12
1.34E-06,4.89759E+12
1.35E-06,4.88307E+12
1.35E-06,4.8686E+12
1.35E-06,4.85419E+12
1.35E-06,4.83982E+12
1.35E-06,4.82551E+12
1.35E-06,4.81124E+12
1.35E-06,4.79703E+12
1.36E-06,4.78287E+12
1.36E-06,4.76876E+12
1.36E-06,4.7547E+12
1.36E-06,4.74068E+12
1.36E-06,4.72672E+12
1.36E-06,4.71281E+12
1.37E-06,4.69894E+12
1.37E-06,4.68513E+12
1.37E-06,4.67136E+12
1.37E-06,4.65765E+12
1.37E-06,4.64398E+12
1.37E-06,4.63036E+12
1.37E-06,4.61678E+12
1.38E-06,4.60326E+12
1.38E-06,4.58978E+12
1.38E-06,4.57635E+12
1.38E-06,4.56297E+12
1.38E-06,4.54963E+12
1.38E-06,4.53635E+12
1.38E-06,4.5231E+12
1.39E-06,4.50991E+12
1.39E-06,4.49676E+12
1.39E-06,4.48366E+12
1.39E-06,4.4706E+12
1.39E-06,4.45759E+12
1.39E-06,4.44462E+12
1.39E-06,4.4317E+12
1.40E-06,4.41883E+12
1.40E-06,4.406E+12
1.40E-06,4.39321E+12
1.40E-06,4.38047E+12
1.40E-06,4.36777E+12
1.40E-06,4.35512E+12
1.40E-06,4.34251E+12
1.41E-06,4.32995E+12
1.41E-06,4.31743E+12
1.41E-06,4.30495E+12
1.41E-06,4.29252E+12
1.41E-06,4.28013E+12
1.41E-06,4.26778E+12
1.41E-06,4.25548E+12
1.42E-06,4.24322E+12
1.42E-06,4.231E+12
1.42E-06,4.21882E+12
1.42E-06,4.20669E+12
1.42E-06,4.1946E+12
1.42E-06,4.18255E+12
1.42E-06,4.17054E+12
1.43E-06,4.15857E+12
1.43E-06,4.14665E+12
1.43E-06,4.13476E+12
1.43E-06,4.12292E+12
1.43E-06,4.11112E+12
1.43E-06,4.09936E+12
1.43E-06,4.08764E+12
1.44E-06,4.07596E+12
1.44E-06,4.06432E+12
1.44E-06,4.05272E+12
1.44E-06,4.04116E+12
1.44E-06,4.02963E+12
1.44E-06,4.01815E+12
1.44E-06,4.00671E+12
1.45E-06,3.99531E+12
1.45E-06,3.98395E+12
1.45E-06,3.97262E+12
1.45E-06,3.96134E+12
1.45E-06,3.95009E+12
1.45E-06,3.93889E+12
1.45E-06,3.92772E+12
1.46E-06,3.91659E+12
1.46E-06,3.90549E+12
1.46E-06,3.89444E+12
1.46E-06,3.88342E+12
1.46E-06,3.87244E+12
1.46E-06,3.8615E+12
1.47E-06,3.85059E+12
1.47E-06,3.83973E+12
1.47E-06,3.8289E+12
1.47E-06,3.8181E+12
1.47E-06,3.80735E+12
1.47E-06,3.79663E+12
1.47E-06,3.78594E+12
1.48E-06,3.77529E+12
1.48E-06,3.76468E+12
1.48E-06,3.75411E+12
1.48E-06,3.74357E+12
1.48E-06,3.73307E+12
1.48E-06,3.7226E+12
1.48E-06,3.71217E+12
1.49E-06,3.70177E+12
1.49E-06,3.69141E+12
1.49E-06,3.68108E+12
1.49E-06,3.67079E+12
1.49E-06,3.66053E+12
1.49E-06,3.65031E+12
1.49E-06,3.64012E+12
1.50E-06,3.62997E+12
1.50E-06,3.61985E+12
1.50E-06,3.60976E+12
1.50E-06,3.59971E+12
1.50E-06,3.5897E+12
1.50E-06,3.57971E+12
1.50E-06,3.56976E+12
1.51E-06,3.55985E+12
1.51E-06,3.54996E+12
1.51E-06,3.54011E+12
1.51E-06,3.5303E+12
1.51E-06,3.52051E+12
1.51E-06,3.51076E+12
1.51E-06,3.50104E+12
1.52E-06,3.49136E+12
1.52E-06,3.4817E+12
1.52E-06,3.47208E+12
1.52E-06,3.46249E+12
1.52E-06,3.45294E+12
1.52E-06,3.44341E+12
1.52E-06,3.43392E+12
1.53E-06,3.42446E+12
1.53E-06,3.41503E+12
1.53E-06,3.40563E+12
1.53E-06,3.39626E+12
1.53E-06,3.38693E+12
1.53E-06,3.37762E+12
1.53E-06,3.36835E+12
1.54E-06,3.35911E+12
1.54E-06,3.3499E+12
1.54E-06,3.34071E+12
1.54E-06,3.33156E+12
1.54E-06,3.32244E+12
1.54E-06,3.31335E+12
1.54E-06,3.30429E+12
1.55E-06,3.29526E+12
1.55E-06,3.28626E+12
1.55E-06,3.27729E+12
1.55E-06,3.26835E+12
1.55E-06,3.25944E+12
1.55E-06,3.25056E+12
1.56E-06,3.24171E+12
1.56E-06,3.23288E+12
1.56E-06,3.22409E+12
1.56E-06,3.21532E+12
1.56E-06,3.20659E+12
1.56E-06,3.19788E+12
1.56E-06,3.1892E+12
1.57E-06,3.18055E+12
1.57E-06,3.17193E+12
1.57E-06,3.16334E+12
1.57E-06,3.15477E+12
1.57E-06,3.14624E+12
1.57E-06,3.13773E+12
1.57E-06,3.12925E+12
1.58E-06,3.12079E+12
1.58E-06,3.11237E+12
1.58E-06,3.10397E+12
1.58E-06,3.0956E+12
1.58E-06,3.08726E+12
1.58E-06,3.07894E+12
1.58E-06,3.07066E+12
1.59E-06,3.06239E+12
1.59E-06,3.05416E+12
1.59E-06,3.04595E+12
1.59E-06,3.03777E+12
1.59E-06,3.02962E+12
1.59E-06,3.02149E+12
1.59E-06,3.01339E+12
1.60E-06,3.00532E+12
1.60E-06,2.99727E+12
1.60E-06,2.98925E+12
1.60E-06,2.98125E+12
1.60E-06,2.97328E+12
1.60E-06,2.96534E+12
1.60E-06,2.95742E+12
1.61E-06,2.94953E+12
1.61E-06,2.94166E+12
1.61E-06,2.93382E+12
1.61E-06,2.926E+12
1.61E-06,2.91821E+12
1.61E-06,2.91045E+12
1.61E-06,2.90271E+12
1.62E-06,2.89499E+12
1.62E-06,2.8873E+12
1.62E-06,2.87964E+12
1.62E-06,2.87199E+12
1.62E-06,2.86438E+12
1.62E-06,2.85679E+12
1.62E-06,2.84922E+12
1.63E-06,2.84168E+12
1.63E-06,2.83416E+12
1.63E-06,2.82666E+12
1.63E-06,2.81919E+12
1.63E-06,2.81175E+12
1.63E-06,2.80433E+12
1.63E-06,2.79693E+12
1.64E-06,2.78955E+12
1.64E-06,2.7822E+12
1.64E-06,2.77487E+12
1.64E-06,2.76757E+12
1.64E-06,2.76029E+12
1.64E-06,2.75303E+12
1.65E-06,2.7458E+12
1.65E-06,2.73859E+12
1.65E-06,2.7314E+12
1.65E-06,2.72423E+12
1.65E-06,2.71709E+12
1.65E-06,2.70997E+12
1.65E-06,2.70288E+12
1.66E-06,2.6958E+12
1.66E-06,2.68875E+12
1.66E-06,2.68172E+12
1.66E-06,2.67472E+12
1.66E-06,2.66773E+12
1.66E-06,2.66077E+12
1.66E-06,2.65383E+12
1.67E-06,2.64691E+12
1.67E-06,2.64002E+12
1.67E-06,2.63314E+12
1.67E-06,2.62629E+12
1.67E-06,2.61946E+12
1.67E-06,2.61265E+12
1.67E-06,2.60586E+12
1.68E-06,2.5991E+12
1.68E-06,2.59235E+12
1.68E-06,2.58563E+12
1.68E-06,2.57893E+12
1.68E-06,2.57225E+12
1.68E-06,2.56559E+12
1.68E-06,2.55895E+12
1.69E-06,2.55233E+12
1.69E-06,2.54573E+12
1.69E-06,2.53916E+12
1.69E-06,2.5326E+12
1.69E-06,2.52607E+12
1.69E-06,2.51955E+12
1.69E-06,2.51306E+12
1.70E-06,2.50659E+12
1.70E-06,2.50013E+12
1.70E-06,2.4937E+12
1.70E-06,2.48729E+12
1.70E-06,2.48089E+12
1.70E-06,2.47452E+12
1.70E-06,2.46817E+12
1.71E-06,2.46184E+12
1.71E-06,2.45552E+12
1.71E-06,2.44923E+12
1.71E-06,2.44296E+12
1.71E-06,2.4367E+12
1.71E-06,2.43047E+12
1.71E-06,2.42425E+12
1.72E-06,2.41806E+12
1.72E-06,2.41188E+12
1.72E-06,2.40573E+12
1.72E-06,2.39959E+12
1.72E-06,2.39347E+12
1.72E-06,2.38737E+12
1.72E-06,2.38129E+12
1.73E-06,2.37523E+12
1.73E-06,2.36918E+12
1.73E-06,2.36316E+12
1.73E-06,2.35715E+12
1.73E-06,2.35117E+12
1.73E-06,2.3452E+12
1.73E-06,2.33925E+12
1.74E-06,2.33332E+12
1.74E-06,2.3274E+12
1.74E-06,2.32151E+12
1.74E-06,2.31563E+12
1.74E-06,2.30977E+12
1.74E-06,2.30393E+12
1.75E-06,2.29811E+12
1.75E-06,2.29231E+12
1.75E-06,2.28652E+12
1.75E-06,2.28075E+12
1.75E-06,2.275E+12
1.75E-06,2.26927E+12
1.75E-06,2.26355E+12
1.76E-06,2.25786E+12
1.76E-06,2.25217E+12
1.76E-06,2.24651E+12
1.76E-06,2.24087E+12
1.76E-06,2.23524E+12
1.76E-06,2.22963E+12
1.76E-06,2.22403E+12
1.77E-06,2.21846E+12
1.77E-06,2.2129E+12
1.77E-06,2.20735E+12
1.77E-06,2.20183E+12
1.77E-06,2.19632E+12
1.77E-06,2.19083E+12
1.77E-06,2.18535E+12
1.78E-06,2.17989E+12
1.78E-06,2.17445E+12
1.78E-06,2.16903E+12
1.78E-06,2.16362E+12
1.78E-06,2.15823E+12
1.78E-06,2.15285E+12
1.78E-06,2.14749E+12
1.79E-06,2.14215E+12
1.79E-06,2.13682E+12
1.79E-06,2.13151E+12
1.79E-06,2.12622E+12
1.79E-06,2.12094E+12
1.79E-06,2.11568E+12
1.79E-06,2.11043E+12
1.80E-06,2.1052E+12
1.80E-06,2.09999E+12
1.80E-06,2.09479E+12
1.80E-06,2.0896E+12
1.80E-06,2.08444E+12
1.80E-06,2.07928E+12
1.80E-06,2.07415E+12
1.81E-06,2.06903E+12
1.81E-06,2.06392E+12
1.81E-06,2.05883E+12
1.81E-06,2.05376E+12
1.81E-06,2.0487E+12
1.81E-06,2.04365E+12
1.81E-06,2.03862E+12
1.82E-06,2.03361E+12
1.82E-06,2.02861E+12
1.82E-06,2.02363E+12
1.82E-06,2.01866E+12
1.82E-06,2.01371E+12
1.82E-06,2.00877E+12
1.82E-06,2.00384E+12
1.83E-06,1.99893E+12
1.83E-06,1.99404E+12
1.83E-06,1.98916E+12
1.83E-06,1.98429E+12
1.83E-06,1.97944E+12
1.83E-06,1.97461E+12
1.84E-06,1.96979E+12
1.84E-06,1.96498E+12
1.84E-06,1.96019E+12
1.84E-06,1.95541E+12
1.84E-06,1.95064E+12
1.84E-06,1.94589E+12
1.84E-06,1.94116E+12
1.85E-06,1.93643E+12
1.85E-06,1.93173E+12
1.85E-06,1.92703E+12
1.85E-06,1.92235E+12
1.85E-06,1.91769E+12
1.85E-06,1.91303E+12
1.85E-06,1.9084E+12
1.86E-06,1.90377E+12
1.86E-06,1.89916E+12
1.86E-06,1.89456E+12
1.86E-06,1.88998E+12
1.86E-06,1.88541E+12
1.86E-06,1.88085E+12
1.86E-06,1.87631E+12
1.87E-06,1.87178E+12
1.87E-06,1.86726E+12
1.87E-06,1.86276E+12
1.87E-06,1.85827E+12
1.87E-06,1.8538E+12
1.87E-06,1.84933E+12
1.87E-06,1.84488E+12
1.88E-06,1.84045E+12
1.88E-06,1.83602E+12
1.88E-06,1.83161E+12
1.88E-06,1.82721E+12
1.88E-06,1.82283E+12
1.88E-06,1.81846E+12
1.88E-06,1.8141E+12
1.89E-06,1.80975E+12
1.89E-06,1.80542E+12
1.89E-06,1.8011E+12
1.89E-06,1.79679E+12
1.89E-06,1.79249E+12
1.89E-06,1.78821E+12
1.89E-06,1.78394E+12
1.90E-06,1.77968E+12
1.90E-06,1.77544E+12
1.90E-06,1.7712E+12
1.90E-06,1.76698E+12
1.90E-06,1.76278E+12
1.90E-06,1.75858E+12
1.90E-06,1.7544E+12
1.91E-06,1.75022E+12
1.91E-06,1.74606E+12
1.91E-06,1.74192E+12
1.91E-06,1.73778E+12
1.91E-06,1.73366E+12
1.91E-06,1.72955E+12
1.91E-06,1.72545E+12
1.92E-06,1.72136E+12
1.92E-06,1.71728E+12
1.92E-06,1.71322E+12
1.92E-06,1.70917E+12
1.92E-06,1.70513E+12
1.92E-06,1.7011E+12
1.93E-06,1.69708E+12
1.93E-06,1.69308E+12
1.93E-06,1.68909E+12
1.93E-06,1.6851E+12
1.93E-06,1.68113E+12
1.93E-06,1.67717E+12
1.93E-06,1.67323E+12
1.94E-06,1.66929E+12
1.94E-06,1.66536E+12
1.94E-06,1.66145E+12
1.94E-06,1.65755E+12
1.94E-06,1.65366E+12
1.94E-06,1.64978E+12
1.94E-06,1.64591E+12
1.95E-06,1.64205E+12
1.95E-06,1.63821E+12
1.95E-06,1.63437E+12
1.95E-06,1.63055E+12
1.95E-06,1.62673E+12
1.95E-06,1.62293E+12
1.95E-06,1.61914E+12
1.96E-06,1.61536E+12
1.96E-06,1.61159E+12
1.96E-06,1.60783E+12
1.96E-06,1.60408E+12
1.96E-06,1.60034E+12
1.96E-06,1.59662E+12
1.96E-06,1.5929E+12
1.97E-06,1.58919E+12
1.97E-06,1.5855E+12
1.97E-06,1.58181E+12
1.97E-06,1.57814E+12
1.97E-06,1.57448E+12
1.97E-06,1.57082E+12
1.97E-06,1.56718E+12
1.98E-06,1.56355E+12
1.98E-06,1.55993E+12
1.98E-06,1.55632E+12
1.98E-06,1.55271E+12
1.98E-06,1.54912E+12
1.98E-06,1.54554E+12
1.98E-06,1.54197E+12
1.99E-06,1.53841E+12
1.99E-06,1.53486E+12
1.99E-06,1.53132E+12
1.99E-06,1.52779E+12
1.99E-06,1.52427E+12
1.99E-06,1.52076E+12
1.99E-06,1.51726E+12
2.00E-06,1.51377E+12
2.00E-06,1.51028E+12
2.00E-06,1.50681E+12
2.00E-06,1.50335E+12
2.00E-06,1.4999E+12
2.00E-06,1.49646E+12
2.00E-06,1.49303E+12
2.01E-06,1.4896E+12
2.01E-06,1.48619E+12
2.01E-06,1.48279E+12
2.01E-06,1.47939E+12
2.01E-06,1.47601E+12
2.01E-06,1.47264E+12
2.01E-06,1.46927E+12
2.02E-06,1.46592E+12
2.02E-06,1.46257E+12
2.02E-06,1.45923E+12
2.02E-06,1.4559E+12
2.02E-06,1.45259E+12
2.02E-06,1.44928E+12
2.03E-06,1.44598E+12
2.03E-06,1.44269E+12
2.03E-06,1.43941E+12
2.03E-06,1.43613E+12
2.03E-06,1.43287E+12
2.03E-06,1.42962E+12
2.03E-06,1.42637E+12
2.04E-06,1.42314E+12
2.04E-06,1.41991E+12
2.04E-06,1.41669E+12
2.04E-06,1.41348E+12
2.04E-06,1.41028E+12
2.04E-06,1.40709E+12
2.04E-06,1.40391E+12
2.05E-06,1.40074E+12
2.05E-06,1.39757E+12
2.05E-06,1.39442E+12
2.05E-06,1.39127E+12
2.05E-06,1.38813E+12
2.05E-06,1.385E+12
2.05E-06,1.38188E+12
2.06E-06,1.37877E+12
2.06E-06,1.37567E+12
2.06E-06,1.37257E+12
2.06E-06,1.36949E+12
2.06E-06,1.36641E+12
2.06E-06,1.36334E+12
2.06E-06,1.36028E+12
2.07E-06,1.35723E+12
2.07E-06,1.35418E+12
2.07E-06,1.35115E+12
2.07E-06,1.34812E+12
2.07E-06,1.3451E+12
2.07E-06,1.34209E+12
2.07E-06,1.33909E+12
2.08E-06,1.33609E+12
2.08E-06,1.33311E+12
2.08E-06,1.33013E+12
2.08E-06,1.32716E+12
2.08E-06,1.3242E+12
2.08E-06,1.32125E+12
2.08E-06,1.3183E+12
2.09E-06,1.31536E+12
2.09E-06,1.31243E+12
2.09E-06,1.30951E+12
2.09E-06,1.3066E+12
2.09E-06,1.3037E+12
2.09E-06,1.3008E+12
2.09E-06,1.29791E+12
2.10E-06,1.29503E+12
2.10E-06,1.29216E+12
2.10E-06,1.28929E+12
2.10E-06,1.28643E+12
2.10E-06,1.28358E+12
2.10E-06,1.28074E+12
2.10E-06,1.27791E+12
2.11E-06,1.27508E+12
2.11E-06,1.27226E+12
2.11E-06,1.26945E+12
2.11E-06,1.26665E+12
2.11E-06,1.26385E+12
2.11E-06,1.26106E+12
2.12E-06,1.25828E+12
2.12E-06,1.25551E+12
2.12E-06,1.25274E+12
2.12E-06,1.24998E+12
2.12E-06,1.24723E+12
2.12E-06,1.24449E+12
2.12E-06,1.24175E+12
2.13E-06,1.23902E+12
2.13E-06,1.2363E+12
2.13E-06,1.23359E+12
2.13E-06,1.23088E+12
2.13E-06,1.22818E+12
2.13E-06,1.22549E+12
2.13E-06,1.22281E+12
2.14E-06,1.22013E+12
2.14E-06,1.21746E+12
2.14E-06,1.2148E+12
2.14E-06,1.21214E+12
2.14E-06,1.20949E+12
2.14E-06,1.20685E+12
2.14E-06,1.20422E+12
2.15E-06,1.20159E+12
2.15E-06,1.19897E+12
2.15E-06,1.19635E+12
2.15E-06,1.19375E+12
2.15E-06,1.19115E+12
2.15E-06,1.18856E+12
2.15E-06,1.18597E+12
2.16E-06,1.18339E+12
2.16E-06,1.18082E+12
2.16E-06,1.17826E+12
2.16E-06,1.1757E+12
2.16E-06,1.17315E+12
2.16E-06,1.1706E+12
2.16E-06,1.16807E+12
2.17E-06,1.16554E+12
2.17E-06,1.16301E+12
2.17E-06,1.16049E+12
2.17E-06,1.15798E+12
2.17E-06,1.15548E+12
2.17E-06,1.15298E+12
2.17E-06,1.15049E+12
2.18E-06,1.14801E+12
2.18E-06,1.14553E+12
2.18E-06,1.14306E+12
2.18E-06,1.1406E+12
2.18E-06,1.13814E+12
2.18E-06,1.13569E+12
2.18E-06,1.13324E+12
2.19E-06,1.13081E+12
2.19E-06,1.12837E+12
2.19E-06,1.12595E+12
2.19E-06,1.12353E+12
2.19E-06,1.12112E+12
2.19E-06,1.11871E+12
2.19E-06,1.11631E+12
2.20E-06,1.11392E+12
2.20E-06,1.11153E+12
2.20E-06,1.10915E+12
2.20E-06,1.10678E+12
2.20E-06,1.10441E+12
2.20E-06,1.10205E+12
2.21E-06,1.09969E+12
2.21E-06,1.09734E+12
2.21E-06,1.095E+12
2.21E-06,1.09266E+12
2.21E-06,1.09033E+12
2.21E-06,1.08801E+12
2.21E-06,1.08569E+12
2.22E-06,1.08338E+12
2.22E-06,1.08107E+12
2.22E-06,1.07877E+12
2.22E-06,1.07647E+12
2.22E-06,1.07419E+12
2.22E-06,1.0719E+12
2.22E-06,1.06963E+12
2.23E-06,1.06736E+12
2.23E-06,1.06509E+12
2.23E-06,1.06283E+12
2.23E-06,1.06058E+12
2.23E-06,1.05833E+12
2.23E-06,1.05609E+12
2.23E-06,1.05386E+12
2.24E-06,1.05163E+12
2.24E-06,1.0494E+12
2.24E-06,1.04719E+12
2.24E-06,1.04497E+12
2.24E-06,1.04277E+12
2.24E-06,1.04057E+12
2.24E-06,1.03837E+12
2.25E-06,1.03618E+12
2.25E-06,1.034E+12
2.25E-06,1.03182E+12
2.25E-06,1.02965E+12
2.25E-06,1.02749E+12
2.25E-06,1.02532E+12
2.25E-06,1.02317E+12
2.26E-06,1.02102E+12
2.26E-06,1.01888E+12
2.26E-06,1.01674E+12
2.26E-06,1.0146E+12
2.26E-06,1.01248E+12
2.26E-06,1.01036E+12
2.26E-06,1.00824E+12
2.27E-06,1.00613E+12
2.27E-06,1.00402E+12
2.27E-06,1.00192E+12
2.27E-06,9.99828E+11
2.27E-06,9.97738E+11
2.27E-06,9.95655E+11
2.27E-06,9.93576E+11
2.28E-06,9.91503E+11
2.28E-06,9.89435E+11
2.28E-06,9.87373E+11
2.28E-06,9.85315E+11
2.28E-06,9.83264E+11
2.28E-06,9.81217E+11
2.28E-06,9.79176E+11
2.29E-06,9.77139E+11
2.29E-06,9.75108E+11
2.29E-06,9.73083E+11
2.29E-06,9.71062E+11
2.29E-06,9.69047E+11
2.29E-06,9.67037E+11
2.29E-06,9.65032E+11
2.30E-06,9.63032E+11
2.30E-06,9.61037E+11
2.30E-06,9.59047E+11
2.30E-06,9.57062E+11
2.30E-06,9.55083E+11
2.30E-06,9.53108E+11
2.31E-06,9.51139E+11
2.31E-06,9.49174E+11
2.31E-06,9.47215E+11
2.31E-06,9.4526E+11
2.31E-06,9.43311E+11
2.31E-06,9.41366E+11
2.31E-06,9.39427E+11
2.32E-06,9.37492E+11
2.32E-06,9.35562E+11
2.32E-06,9.33638E+11
2.32E-06,9.31718E+11
2.32E-06,9.29802E+11
2.32E-06,9.27892E+11
2.32E-06,9.25987E+11
2.33E-06,9.24086E+11
2.33E-06,9.2219E+11
2.33E-06,9.203E+11
2.33E-06,9.18413E+11
2.33E-06,9.16532E+11
2.33E-06,9.14655E+11
2.33E-06,9.12783E+11
2.34E-06,9.10916E+11
2.34E-06,9.09054E+11
2.34E-06,9.07196E+11
2.34E-06,9.05343E+11
2.34E-06,9.03494E+11
2.34E-06,9.01651E+11
2.34E-06,8.99812E+11
2.35E-06,8.97977E+11
2.35E-06,8.96147E+11
2.35E-06,8.94322E+11
2.35E-06,8.92501E+11
2.35E-06,8.90685E+11
2.35E-06,8.88874E+11
2.35E-06,8.87067E+11
2.36E-06,8.85264E+11
2.36E-06,8.83466E+11
2.36E-06,8.81673E+11
2.36E-06,8.79884E+11
2.36E-06,8.78099E+11
2.36E-06,8.76319E+11
2.36E-06,8.74544E+11
2.37E-06,8.72773E+11
2.37E-06,8.71006E+11
2.37E-06,8.69244E+11
2.37E-06,8.67486E+11
2.37E-06,8.65732E+11
2.37E-06,8.63983E+11
2.37E-06,8.62239E+11
2.38E-06,8.60498E+11
2.38E-06,8.58762E+11
2.38E-06,8.5703E+11
2.38E-06,8.55303E+11
2.38E-06,8.5358E+11
2.38E-06,8.51861E+11
2.38E-06,8.50146E+11
2.39E-06,8.48436E+11
2.39E-06,8.4673E+11
2.39E-06,8.45028E+11
2.39E-06,8.43331E+11
2.39E-06,8.41637E+11
2.39E-06,8.39948E+11
2.40E-06,8.38263E+11
2.40E-06,8.36582E+11
2.40E-06,8.34906E+11
2.40E-06,8.33233E+11
2.40E-06,8.31565E+11
2.40E-06,8.299E+11
2.40E-06,8.2824E+11
2.41E-06,8.26584E+11
2.41E-06,8.24932E+11
2.41E-06,8.23284E+11
2.41E-06,8.21641E+11
2.41E-06,8.20001E+11
2.41E-06,8.18365E+11
2.41E-06,8.16733E+11
2.42E-06,8.15106E+11
2.42E-06,8.13482E+11
2.42E-06,8.11862E+11
2.42E-06,8.10247E+11
2.42E-06,8.08635E+11
2.42E-06,8.07027E+11
2.42E-06,8.05423E+11
2.43E-06,8.03824E+11
2.43E-06,8.02228E+11
2.43E-06,8.00636E+11
2.43E-06,7.99048E+11
2.43E-06,7.97463E+11
2.43E-06,7.95883E+11
2.43E-06,7.94306E+11
2.44E-06,7.92734E+11
2.44E-06,7.91165E+11
2.44E-06,7.896E+11
2.44E-06,7.88039E+11
2.44E-06,7.86482E+11
2.44E-06,7.84928E+11
2.44E-06,7.83378E+11
2.45E-06,7.81832E+11
2.45E-06,7.8029E+11
2.45E-06,7.78752E+11
2.45E-06,7.77217E+11
2.45E-06,7.75686E+11
2.45E-06,7.74159E+11
2.45E-06,7.72636E+11
2.46E-06,7.71116E+11
2.46E-06,7.696E+11
2.46E-06,7.68087E+11
2.46E-06,7.66578E+11
2.46E-06,7.65073E+11
2.46E-06,7.63572E+11
2.46E-06,7.62074E+11
2.47E-06,7.6058E+11
2.47E-06,7.59089E+11
2.47E-06,7.57603E+11
2.47E-06,7.56119E+11
2.47E-06,7.54639E+11
2.47E-06,7.53163E+11
2.47E-06,7.51691E+11
2.48E-06,7.50222E+11
2.48E-06,7.48756E+11
2.48E-06,7.47294E+11
2.48E-06,7.45836E+11
2.48E-06,7.44381E+11
2.48E-06,7.4293E+11
2.48E-06,7.41482E+11
2.49E-06,7.40037E+11
2.49E-06,7.38596E+11
2.49E-06,7.37159E+11
2.49E-06,7.35725E+11
2.49E-06,7.34294E+11
2.49E-06,7.32867E+11
2.50E-06,7.31443E+11
2.50E-06,7.30023E+11
2.50E-06,7.28606E+11
2.50E-06,7.27193E+11
2.50E-06,7.25783E+11
2.50E-06,7.24376E+11
2.50E-06,7.22973E+11
2.51E-06,7.21573E+11
2.51E-06,7.20176E+11
2.51E-06,7.18783E+11
2.51E-06,7.17393E+11
2.51E-06,7.16006E+11
2.51E-06,7.14623E+11
2.51E-06,7.13243E+11
2.52E-06,7.11866E+11
2.52E-06,7.10493E+11
2.52E-06,7.09123E+11
2.52E-06,7.07756E+11
2.52E-06,7.06392E+11
2.52E-06,7.05032E+11
2.52E-06,7.03674E+11
2.53E-06,7.02321E+11
2.53E-06,7.0097E+11
2.53E-06,6.99622E+11
2.53E-06,6.98278E+11
2.53E-06,6.96937E+11
2.53E-06,6.95599E+11
2.53E-06,6.94264E+11
2.54E-06,6.92933E+11
2.54E-06,6.91604E+11
2.54E-06,6.90279E+11
2.54E-06,6.88957E+11
2.54E-06,6.87638E+11
2.54E-06,6.86322E+11
2.54E-06,6.85009E+11
2.55E-06,6.837E+11
2.55E-06,6.82393E+11
2.55E-06,6.8109E+11
2.55E-06,6.79789E+11
2.55E-06,6.78492E+11
2.55E-06,6.77198E+11
2.55E-06,6.75907E+11
2.56E-06,6.74618E+11
2.56E-06,6.73333E+11
2.56E-06,6.72051E+11
2.56E-06,6.70772E+11
2.56E-06,6.69496E+11
2.56E-06,6.68223E+11
2.56E-06,6.66953E+11
2.57E-06,6.65686E+11
2.57E-06,6.64422E+11
2.57E-06,6.63161E+11
2.57E-06,6.61903E+11
2.57E-06,6.60647E+11
2.57E-06,6.59395E+11
2.57E-06,6.58146E+11
2.58E-06,6.56899E+11
2.58E-06,6.55656E+11
2.58E-06,6.54415E+11
2.58E-06,6.53178E+11
2.58E-06,6.51943E+11
2.58E-06,6.50711E+11
2.59E-06,6.49482E+11
2.59E-06,6.48256E+11
2.59E-06,6.47032E+11
2.59E-06,6.45812E+11
2.59E-06,6.44594E+11
2.59E-06,6.4338E+11
2.59E-06,6.42168E+11
2.60E-06,6.40959E+11
2.60E-06,6.39752E+11
2.60E-06,6.38549E+11
2.60E-06,6.37348E+11
2.60E-06,6.3615E+11
2.60E-06,6.34955E+11
2.60E-06,6.33763E+11
2.61E-06,6.32573E+11
2.61E-06,6.31387E+11
2.61E-06,6.30203E+11
2.61E-06,6.29021E+11
2.61E-06,6.27843E+11
2.61E-06,6.26667E+11
2.61E-06,6.25494E+11
2.62E-06,6.24324E+11
2.62E-06,6.23156E+11
2.62E-06,6.21991E+11
2.62E-06,6.20829E+11
2.62E-06,6.19669E+11
2.62E-06,6.18512E+11
2.62E-06,6.17358E+11
2.63E-06,6.16207E+11
2.63E-06,6.15058E+11
2.63E-06,6.13911E+11
2.63E-06,6.12768E+11
2.63E-06,6.11627E+11
2.63E-06,6.10489E+11
2.63E-06,6.09353E+11
2.64E-06,6.0822E+11
2.64E-06,6.07089E+11
2.64E-06,6.05961E+11
2.64E-06,6.04836E+11
2.64E-06,6.03713E+11
2.64E-06,6.02593E+11
2.64E-06,6.01476E+11
2.65E-06,6.00361E+11
2.65E-06,5.99248E+11
2.65E-06,5.98138E+11
2.65E-06,5.97031E+11
2.65E-06,5.95926E+11
2.65E-06,5.94824E+11
2.65E-06,5.93724E+11
2.66E-06,5.92627E+11
2.66E-06,5.91532E+11
2.66E-06,5.9044E+11
2.66E-06,5.8935E+11
2.66E-06,5.88263E+11
2.66E-06,5.87178E+11
2.66E-06,5.86096E+11
2.67E-06,5.85016E+11
2.67E-06,5.83939E+11
2.67E-06,5.82864E+11
2.67E-06,5.81792E+11
2.67E-06,5.80722E+11
2.67E-06,5.79654E+11
2.68E-06,5.78589E+11
2.68E-06,5.77526E+11
2.68E-06,5.76466E+11
2.68E-06,5.75408E+11
2.68E-06,5.74352E+11
2.68E-06,5.73299E+11
2.68E-06,5.72249E+11
2.69E-06,5.712E+11
2.69E-06,5.70154E+11
2.69E-06,5.69111E+11
2.69E-06,5.6807E+11
2.69E-06,5.67031E+11
2.69E-06,5.65994E+11
2.69E-06,5.6496E+11
2.70E-06,5.63928E+11
2.70E-06,5.62899E+11
2.70E-06,5.61872E+11
2.70E-06,5.60847E+11
2.70E-06,5.59824E+11
2.70E-06,5.58804E+11
2.70E-06,5.57786E+11
2.71E-06,5.56771E+11
2.71E-06,5.55757E+11
2.71E-06,5.54746E+11
2.71E-06,5.53738E+11
2.71E-06,5.52731E+11
2.71E-06,5.51727E+11
2.71E-06,5.50725E+11
2.72E-06,5.49725E+11
2.72E-06,5.48728E+11
2.72E-06,5.47733E+11
2.72E-06,5.4674E+11
2.72E-06,5.45749E+11
2.72E-06,5.4476E+11
2.72E-06,5.43774E+11
2.73E-06,5.4279E+11
2.73E-06,5.41808E+11
2.73E-06,5.40828E+11
2.73E-06,5.39851E+11
2.73E-06,5.38875E+11
2.73E-06,5.37902E+11
2.73E-06,5.36931E+11
2.74E-06,5.35963E+11
2.74E-06,5.34996E+11
2.74E-06,5.34031E+11
2.74E-06,5.33069E+11
2.74E-06,5.32109E+11
2.74E-06,5.31151E+11
2.74E-06,5.30195E+11
2.75E-06,5.29241E+11
2.75E-06,5.2829E+11
2.75E-06,5.2734E+11
2.75E-06,5.26393E+11
2.75E-06,5.25447E+11
2.75E-06,5.24504E+11
2.75E-06,5.23563E+11
2.76E-06,5.22624E+11
2.76E-06,5.21687E+11
2.76E-06,5.20752E+11
2.76E-06,5.1982E+11
2.76E-06,5.18889E+11
2.76E-06,5.1796E+11
2.76E-06,5.17034E+11
2.77E-06,5.16109E+11
2.77E-06,5.15187E+11
2.77E-06,5.14266E+11
2.77E-06,5.13348E+11
2.77E-06,5.12432E+11
2.77E-06,5.11517E+11
2.78E-06,5.10605E+11
2.78E-06,5.09695E+11
2.78E-06,5.08786E+11
2.78E-06,5.0788E+11
2.78E-06,5.06976E+11
2.78E-06,5.06074E+11
2.78E-06,5.05173E+11
2.79E-06,5.04275E+11
2.79E-06,5.03379E+11
2.79E-06,5.02484E+11
2.79E-06,5.01592E+11
2.79E-06,5.00701E+11
2.79E-06,4.99813E+11
2.79E-06,4.98926E+11
2.80E-06,4.98042E+11
2.80E-06,4.97159E+11
2.80E-06,4.96279E+11
2.80E-06,4.954E+11
2.80E-06,4.94523E+11
2.80E-06,4.93648E+11
2.80E-06,4.92775E+11
2.81E-06,4.91904E+11
2.81E-06,4.91035E+11
2.81E-06,4.90168E+11
2.81E-06,4.89302E+11
2.81E-06,4.88439E+11
2.81E-06,4.87577E+11
2.81E-06,4.86717E+11
2.82E-06,4.8586E+11
2.82E-06,4.85004E+11
2.82E-06,4.8415E+11
2.82E-06,4.83297E+11
2.82E-06,4.82447E+11
2.82E-06,4.81599E+11
2.82E-06,4.80752E+11
2.83E-06,4.79907E+11
2.83E-06,4.79064E+11
2.83E-06,4.78223E+11
2.83E-06,4.77384E+11
2.83E-06,4.76546E+11
2.83E-06,4.75711E+11
2.83E-06,4.74877E+11
2.84E-06,4.74045E+11
2.84E-06,4.73214E+11
2.84E-06,4.72386E+11
2.84E-06,4.71559E+11
2.84E-06,4.70735E+11
2.84E-06,4.69911E+11
2.84E-06,4.6909E+11
2.85E-06,4.68271E+11
2.85E-06,4.67453E+11
2.85E-06,4.66637E+11
2.85E-06,4.65823E+11
2.85E-06,4.6501E+11
2.85E-06,4.642E+11
2.85E-06,4.63391E+11
2.86E-06,4.62584E+11
2.86E-06,4.61778E+11
2.86E-06,4.60975E+11
2.86E-06,4.60173E+11
2.86E-06,4.59372E+11
2.86E-06,4.58574E+11
2.87E-06,4.57777E+11
2.87E-06,4.56982E+11
2.87E-06,4.56189E+11
2.87E-06,4.55397E+11
2.87E-06,4.54607E+11
2.87E-06,4.53819E+11
2.87E-06,4.53032E+11
2.88E-06,4.52248E+11
2.88E-06,4.51464E+11
2.88E-06,4.50683E+11
2.88E-06,4.49903E+11
2.88E-06,4.49125E+11
2.88E-06,4.48348E+11
2.88E-06,4.47574E+11
2.89E-06,4.46801E+11
2.89E-06,4.46029E+11
2.89E-06,4.45259E+11
2.89E-06,4.44491E+11
2.89E-06,4.43724E+11
2.89E-06,4.4296E+11
2.89E-06,4.42196E+11
2.90E-06,4.41435E+11
2.90E-06,4.40675E+11
2.90E-06,4.39916E+11
2.90E-06,4.39159E+11
2.90E-06,4.38404E+11
2.90E-06,4.37651E+11
2.90E-06,4.36899E+11
2.91E-06,4.36148E+11
2.91E-06,4.354E+11
2.91E-06,4.34652E+11
2.91E-06,4.33907E+11
2.91E-06,4.33163E+11
2.91E-06,4.3242E+11
2.91E-06,4.3168E+11
2.92E-06,4.3094E+11
2.92E-06,4.30203E+11
2.92E-06,4.29467E+11
2.92E-06,4.28732E+11
2.92E-06,4.27999E+11
2.92E-06,4.27268E+11
2.92E-06,4.26538E+11
2.93E-06,4.25809E+11
2.93E-06,4.25083E+11
2.93E-06,4.24357E+11
2.93E-06,4.23634E+11
2.93E-06,4.22911E+11
2.93E-06,4.22191E+11
2.93E-06,4.21472E+11
2.94E-06,4.20754E+11
2.94E-06,4.20038E+11
2.94E-06,4.19323E+11
2.94E-06,4.1861E+11
2.94E-06,4.17898E+11
2.94E-06,4.17188E+11
2.94E-06,4.1648E+11
2.95E-06,4.15773E+11
2.95E-06,4.15067E+11
2.95E-06,4.14363E+11
2.95E-06,4.1366E+11
2.95E-06,4.12959E+11
2.95E-06,4.12259E+11
2.96E-06,4.11561E+11
2.96E-06,4.10864E+11
2.96E-06,4.10169E+11
2.96E-06,4.09475E+11
2.96E-06,4.08783E+11
2.96E-06,4.08092E+11
2.96E-06,4.07402E+11
2.97E-06,4.06714E+11
2.97E-06,4.06028E+11
2.97E-06,4.05343E+11
2.97E-06,4.04659E+11
2.97E-06,4.03977E+11
2.97E-06,4.03296E+11
2.97E-06,4.02616E+11
2.98E-06,4.01938E+11
2.98E-06,4.01262E+11
2.98E-06,4.00586E+11
2.98E-06,3.99913E+11
2.98E-06,3.9924E+11
2.98E-06,3.98569E+11
2.98E-06,3.979E+11
2.99E-06,3.97231E+11
2.99E-06,3.96565E+11
2.99E-06,3.95899E+11
2.99E-06,3.95235E+11
2.99E-06,3.94573E+11
2.99E-06,3.93911E+11
2.99E-06,3.93251E+11
3.00E-06,3.92593E+11
3.00E-06,3.91936E+11
3.00E-06,3.9128E+11
3.00E-06,3.90625E+11